id,LCC-degree,LCC-eigenvector,LCC-keep-degree,LCC-MC,LCC-Random
0,907,907,907,907,907
1,906,906,906,906,905.966
2,905,905,905,905,904.943
3,904,904,904,904,903.922
4,903,903,903,903,902.898
5,902,902,902,902,901.884
6,901,901,901,901,900.865
7,900,900,900,900,899.844
8,899,899,899,899,898.828
9,898,898,898,898,897.796
10,897,897,897,897,896.765
11,896,896,896,896,895.732
12,895,895,895,895,894.704
13,893,894,893,893,893.676
14,892,893,892,892,892.653
15,891,891,891,891,891.632
16,890,890,890,890,890.613
17,889,889,889,889,889.59
18,888,888,888,888,888.575
19,887,887,887,887,887.552
20,886,886,886,886,886.524
21,885,882,885,885,885.506
22,884,881,884,884,884.493
23,883,880,883,883,883.476
24,882,879,882,882,882.444
25,881,878,881,881,881.428
26,880,877,880,880,880.393
27,879,876,879,879,879.34
28,878,875,878,878,878.303
29,877,874,877,877,877.283
30,876,873,876,876,876.262
31,873.578,872,875,875,875.247
32,871,871,871,874,874.214
33,870,870,870,870,873.193
34,869,869,869,869,872.181
35,868,868,868,868,871.151
36,867,867,867,867,870.132
37,866,866,866,866,869.099
38,865,865,865,865,868.07
39,864,864,862,862,867.046
40,863,863,861,861,866.022
41,861,862,860,860,865.008
42,860,861,858,858,863.974
43,857,860,857,857,862.927
44,856,859,856,856,861.897
45,855,858,855,855,860.859
46,854,856,854,854,859.824
47,853,855,853,853,858.799
48,852,853,852,852,857.77
49,851,852,851,851,856.75
50,850,851,850,850,855.729
51,849,850,849,849,854.714
52,848,849,848,848,853.693
53,847,848,847,847,852.671
54,846,847,845.497,846,851.642
55,845,846,844.497,845,850.62
56,844,845,843.497,844,849.584
57,843,844,842.497,843,848.557
58,842,843,841.497,842,847.528
59,841,842,840.497,841,846.501
60,840,841,839.497,840,845.472
61,838.658,840,838.497,839,844.447
62,837.318,839,837.497,838,843.421
63,836,838,836.497,836,842.403
64,835,837,835.497,835,841.386
65,834,836,834.497,834,840.374
66,833,835,833.497,833,839.352
67,832,834,832,832,838.311
68,831,833,831,831,837.281
69,830,832,830,830,836.248
70,829,831,829,829,835.218
71,828,830,828,828,834.171
72,827,829,827,825,833.151
73,826,828,826,824,832.114
74,825,827,823,823,831.096
75,824,825,822,822,830.059
76,823,822,821,821,829.036
77,822,821,820,816,828.006
78,821,817,819,815,826.991
79,820,816,817.754,814,825.953
80,818.366,815,816.754,813,824.924
81,816.654,814,815.754,812,823.903
82,815,813,814.754,810,822.875
83,814,812,813.754,809,821.856
84,813,810,812.754,807,820.833
85,810.43,809,811.754,806,819.797
86,807.65,806,810.754,805,818.777
87,805,805,804.754,804,817.754
88,804,804,803.754,803,816.71
89,803,803,802.754,802,815.69
90,802,802,801.754,801,814.651
91,801,799,799.754,800,813.632
92,800,798,798.429,799,812.611
93,799,797,797.429,798,811.58
94,798,796,796.429,796,810.553
95,797,795,795.429,795,809.528
96,795.809,794,794.429,794,808.51
97,794.582,792,793,793,807.467
98,793.375,791,792,792,806.435
99,792.179,789,791,789,805.401
100,791,788,790,788,804.372
101,789.501,787,788.674,787,803.341
102,788,786,785.674,786,802.308
103,786.519,785,784.674,785,801.272
104,785,784,783.077,784,800.241
105,784,781,782.077,783,799.194
106,782.406,780,781.077,782,798.176
107,780.684,779,780.077,781,797.149
108,779,778,779.077,780,796.125
109,777.751,777,777.987,779,795.114
110,776.504,776,776.987,776,794.093
111,775.247,775,775.987,774,793.06
112,774,774,774.894,773,792.039
113,773,773,773.476,772,791.006
114,772,772,772.476,770,789.972
115,771,771,771.476,769,788.958
116,770,769,770.476,768,787.934
117,769,768,769.476,767,786.894
118,768,767,767.708,766,785.867
119,767,766,766.708,765,784.836
120,765.752,765,764.708,764,783.799
121,764.48,764,763.708,763,782.77
122,763.186,763,762.708,759,781.725
123,761.918,762,761.605,758,780.694
124,760.59,760,759.931,757,779.649
125,759.31,759,758.931,755,778.61
126,758,758,757.233,754,777.588
127,757,756,755.938,753,776.543
128,756,755,754.842,752,775.495
129,755,754,753.842,751,774.469
130,753.48,753,752.842,749,773.424
131,752,752,751.842,748,772.396
132,750.439,749,750.842,747,771.365
133,748.968,748,749.842,746,770.327
134,747.461,746,748.62,745,769.273
135,745.993,745,747.247,744,768.232
136,744.489,743,746.247,743,767.201
137,743,742,743.801,742,766.17
138,741.671,741,742.505,741,765.147
139,740.351,740,741.505,739,764.11
140,739,739,740.505,738,763.078
141,737.844,738,739.008,737,762.051
142,736.684,737,738.008,736,761.033
143,735.519,734,736.334,735,760.002
144,734.366,733,735.334,734,758.967
145,733.206,732,734.162,733,757.932
146,732.032,731,733.116,732,756.908
147,730.855,730,731.876,729,755.887
148,729.682,729,730.876,728,754.858
149,728.509,728,729.583,727,753.779
150,727.342,727,728.15,726,752.743
151,726.162,726,727.122,725,751.718
152,725,725,725.968,723,750.678
153,723.498,724,724.844,721,749.656
154,722.004,723,722.232,720,748.629
155,720.534,722,720.878,718,747.587
156,719,721,719.676,716,746.541
157,718,720,718.676,715,745.506
158,717,719,717.676,714,744.467
159,716,718,716.618,713,743.443
160,715,712,715.618,710,742.406
161,713.526,711,714.618,709,741.383
162,711.996,710,712.316,708,740.33
163,710.487,709,711.316,707,739.283
164,709,708,710.316,706,738.245
165,708,706,709.289,705,737.21
166,707,705,708.08,704,736.162
167,706,704,707.08,703,735.117
168,705,703,706.08,702,734.088
169,704,699,705.08,701,733.057
170,703,698,703.839,699,732.023
171,702,697,702.839,698,730.974
172,701,695,701.323,697,729.94
173,699.527,694,699.764,696,728.896
174,698.085,693,698.764,695,727.853
175,696.618,692,697.764,694,726.811
176,695.175,691,696.616,693,725.743
177,693.73,690,693.256,692,724.718
178,692.307,689,692.256,691,723.676
179,690.901,688,691.256,690,722.63
180,689.457,687,690.256,689,721.593
181,688,686,689.256,687,720.557
182,687,685,688.07,686,719.523
183,686,683,686.499,685,718.493
184,685,682,685.499,683,717.479
185,684,681,683.061,682,716.444
186,683,680,681.736,681,715.403
187,682,679,680.6,680,714.345
188,681,679,679.43,679,713.321
189,680,678,677.827,678,712.292
190,679,677,675.905,677,711.259
191,678,676,674.892,676,710.212
192,677,675,673.863,674,709.164
193,676,674,672.863,673,708.124
194,675,673,671.863,672,707.07
195,674,672,670.843,671,706.045
196,673,671,669.518,670,705.011
197,672,670,668.323,669,703.978
198,671,669,667.086,668,702.948
199,668.302,668,665.089,667,701.921
200,665.757,666,664.089,666,700.867
201,663.16,665,662.847,665,699.829
202,660.575,664,661.777,664,698.796
203,658.156,663,660.759,663,697.741
204,655.515,662,659.401,660,696.722
205,653,661,657.346,659,695.702
206,651.846,660,655.946,658,694.67
207,650.683,659,653.911,657,693.617
208,649.515,658,652.937,656,692.58
209,648.347,657,651.082,654,691.531
210,647.161,656,650.034,653,690.494
211,646,654,649.034,652,689.445
212,644.514,653,647.034,651,688.406
213,643.022,652,646.034,650,687.38
214,641.515,651,644.514,649,686.339
215,640.038,649,643.521,648,685.31
216,638.486,648,642.35,647,684.273
217,637,647,641.316,646,683.216
218,635.511,646,640.068,645,682.183
219,634.003,644,639.068,644,681.139
220,632.49,643,638.068,643,680.094
221,631,642,636.928,642,679.044
222,630,641,635.928,638,678.008
223,629,640,634.425,637,676.965
224,628,639,631.783,636,675.923
225,627,638,628.485,635,674.898
226,626,632,627.449,634,673.859
227,625,631,626.277,633,672.813
228,624,630,624.944,632,671.739
229,623,629,623.406,631,670.697
230,622,628,621.967,630,669.61
231,621,627,619.576,629,668.569
232,620,626,616.317,628,667.521
233,619,625,614.789,627,666.5
234,617.926,624,613.049,625,665.468
235,616.838,620,610.86,624,664.405
236,615.716,619,609.496,623,663.375
237,614.582,618,608.438,613,662.34
238,613.456,616,607.2,612,661.31
239,612.272,612,605.878,610,660.268
240,611.065,611,602.358,609,659.227
241,609.84,610,601.001,608,658.195
242,608.561,609,599.742,607,657.175
243,607.291,608,597.579,606,656.146
244,605.995,607,595.945,605,655.095
245,604.696,606,593.936,604,654.048
246,603.347,605,592.77,603,653.017
247,602,604,591.29,602,651.977
248,599.597,603,589.711,601,650.942
249,596.927,603,587.751,600,649.897
250,593.696,602,584.712,599,648.87
251,590.352,601,583.703,598,647.825
252,586.897,600,580.684,597,646.776
253,582.855,599,577.375,595,645.739
254,578.158,598,555.607,594,644.715
255,573.602,597,554.125,593,643.684
256,568.408,596,551.963,592,642.646
257,563.114,595,549.623,591,641.606
258,557.4,595,545.048,495,640.575
259,551,594,542.534,494,639.519
260,548.951,593,539.342,493,638.474
261,546.834,592,537.344,493,637.438
262,544.594,589,535.781,493,636.376
263,542.633,589,534.85,492,635.331
264,540.531,588,533.496,469,634.286
265,538.255,587,531.604,468,633.247
266,536,407,524.795,467,632.202
267,523.621,407,523.737,466,631.121
268,512.68,406,520.529,466,630.086
269,500.27,405,517.541,465,629.033
270,487.684,405,515.096,460,627.989
271,476.058,405,513.946,460,626.909
272,464.147,405,512.658,460,625.855
273,452,380,511.658,459,624.82
274,451,380,510.292,459,623.808
275,450,379,508.603,458,622.778
276,449,378,504.8,457,621.735
277,448,377,499.368,379,620.698
278,446.716,377,496.976,378,619.669
279,445.456,377,495.324,371,618.619
280,444.11,377,493.706,370,617.577
281,442.862,377,485.237,370,616.546
282,441.526,376,482.964,367,615.505
283,440.295,375,482.043,366,614.465
284,439,374,479.801,366,613.431
285,437.453,372,478.648,356,612.389
286,435.92,372,461.264,355,611.356
287,434.212,372,459.402,354,610.313
288,432.474,372,457.693,354,609.291
289,430.46,372,455.561,354,608.249
290,428.47,372,423.841,351,607.197
291,426.508,371,422.915,351,606.137
292,424.418,371,421.22,350,605.096
293,422.324,371,419.703,346,604.056
294,420.185,371,418.49,345,603.017
295,418.015,371,416.242,344,601.974
296,415.625,370,413.834,343,600.902
297,413.303,369,411.122,343,599.853
298,410.682,369,410.078,336,598.786
299,408.152,368,408.494,335,597.743
300,405.673,368,394.688,335,596.677
301,403.016,368,393.067,332,595.633
302,400,366,390.091,332,594.576
303,396.045,365,383.769,314,593.541
304,391.967,364,382.756,313,592.502
305,387.918,364,378.843,313,591.443
306,384.588,364,377.687,310,590.4
307,379.938,364,374.471,310,589.367
308,375.877,364,371.149,310,588.312
309,372.396,364,363.468,309,587.27
310,369.239,363,352.062,309,586.221
311,365,362,350.748,207,585.183
312,356.591,362,349.911,207,584.132
313,348.156,362,339.495,205,583.105
314,341.042,361,335.815,205,582.076
315,333.923,361,332.915,204,581.027
316,327.515,361,332.678,204,579.992
317,323.437,361,331.655,204,578.965
318,319.903,360,329.739,204,577.929
319,316.396,359,328.738,204,576.89
320,313.744,359,328.028,204,575.855
321,312.022,359,327.145,204,574.812
322,310.757,359,327.024,204,573.774
323,310,359,324.858,204,572.743
324,308.086,359,319.783,204,571.72
325,306.321,359,318.753,201,570.682
326,304.763,351,317.147,201,569.643
327,303.188,347,315.31,201,568.584
328,301.953,347,314.095,198,567.515
329,300.91,347,312.317,198,566.452
330,300,347,311.552,196,565.391
331,296.974,344,309.92,196,564.35
332,293.882,342,308.692,196,563.32
333,290.656,342,305.081,195,562.292
334,287.538,342,303.12,194,561.246
335,284.371,341,302.154,194,560.206
336,281.229,339,288.498,194,559.156
337,278.213,339,288.482,194,558.107
338,275.243,339,284.974,194,557.063
339,272.26,339,277.115,183,555.998
340,269.045,339,275.552,183,554.975
341,266.13,338,275.356,183,553.925
342,263,338,273.28,183,552.887
343,262.254,338,271.789,183,551.853
344,259.377,338,269.585,183,550.798
345,254.054,338,265.248,182,549.721
346,248.104,338,264.244,182,548.697
347,237.722,335,263.407,182,547.678
348,228.028,335,258.764,182,546.623
349,217.526,335,257.78,182,545.58
350,202.036,333,256.442,181,544.548
351,185.386,333,255.085,181,543.521
352,166.943,330,252.056,181,542.477
353,145.053,326,244.47,181,541.422
354,124,326,242.046,180,540.377
355,124,325,237.787,180,539.325
356,124,324,237.475,150,538.275
357,124,216,236.562,148,537.219
358,124,216,235.375,148,536.174
359,124,215,229.549,147,535.125
360,124,215,228.072,147,534.057
361,124,214,225.414,147,533.037
362,124,214,225.062,147,531.971
363,124,172,218.411,147,530.943
364,120.631,172,218.249,144,529.905
365,117.921,172,215.135,144,528.866
366,114.454,170,211.205,90,527.791
367,111.28,170,210.952,90,526.739
368,108.335,170,204.863,90,525.682
369,105.528,170,195.249,90,524.638
370,102.604,170,179.016,67,523.578
371,99.916,169,176.911,66,522.551
372,97.228,169,176.875,66,521.515
373,94.97,169,166.478,66,520.443
374,92.59,169,166.293,66,519.411
375,90,169,164.695,66,518.362
376,89.933,169,161.189,53,517.27
377,89.824,169,161.143,53,516.223
378,89.72,168,160.31,53,515.196
379,89.634,160,146.634,53,514.147
380,89.539,160,146.359,53,513.111
381,89.448,160,140.417,53,512.057
382,89.368,160,140.264,53,511.015
383,89.275,160,128.493,53,509.979
384,89.178,160,128.298,53,508.923
385,89.09,160,127.917,53,507.902
386,89,160,127.374,52,506.849
387,88.298,160,124.436,52,505.797
388,87.65,160,123.757,52,504.748
389,86.894,160,117.745,52,503.706
390,86.066,160,116.37,52,502.679
391,85.283,160,115.742,52,501.643
392,84.554,160,114.976,51,500.581
393,83.852,160,114.976,51,499.544
394,83.168,159,114.731,51,498.475
395,82.268,159,114.731,51,497.413
396,81.494,158,114.577,51,496.374
397,80.738,142,114.135,50,495.328
398,80,142,113.549,49,494.299
399,78.938,142,112.992,36,493.243
400,77.93,142,112.52,35,492.215
401,76.862,142,112.346,35,491.172
402,75.854,142,111.635,35,490.138
403,74.972,142,111.415,35,489.082
404,74,130,111.108,35,488.03
405,73.868,130,110.442,35,486.983
406,73.758,130,109.742,35,485.93
407,73.648,130,103.502,35,484.893
408,73.514,130,102.991,35,483.829
409,73.41,130,102.438,35,482.79
410,73.277,130,102.232,35,481.734
411,73.159,129,101.56,35,480.671
412,73.026,129,100.795,35,479.618
413,72.907,129,100.062,35,478.594
414,72.791,129,99.625,35,477.557
415,72.655,129,99.584,35,476.489
416,72.533,129,99.516,35,475.457
417,72.406,129,99.393,32,474.423
418,72.274,129,99.217,32,473.37
419,72.147,129,97.063,32,472.334
420,72.028,129,96.964,32,471.306
421,71.908,129,96.662,32,470.301
422,71.796,129,96.577,32,469.251
423,71.661,129,96.534,32,468.208
424,71.532,129,96.434,32,467.126
425,71.399,128,96.318,32,466.074
426,71.247,128,94.98,32,464.983
427,71.128,128,94.935,32,463.954
428,71,127,94.255,32,462.895
429,70.583,126,94.233,32,461.879
430,70.231,126,92.03,32,460.838
431,69.858,126,91.148,32,459.766
432,69.507,126,89.92,32,458.695
433,69.146,125,89.409,32,457.637
434,68.752,125,89.022,32,456.591
435,68.4,124,89.009,32,455.55
436,68.017,124,88.893,32,454.493
437,67.676,121,88.529,32,453.445
438,67.291,121,88.262,32,452.389
439,66.898,121,88.243,31,451.33
440,66.541,121,88.057,31,450.276
441,66.193,121,87.966,29,449.239
442,65.786,118,87.829,29,448.186
443,65.412,118,87.625,28,447.142
444,65.097,118,87.61,28,446.083
445,64.708,118,87.275,28,445.054
446,64.368,117,86.755,28,444.003
447,64,117,85.991,28,442.943
448,61.184,117,85.662,28,441.887
449,58.592,116,76.026,28,440.842
450,56.096,116,75.858,28,439.809
451,53.728,116,74.432,28,438.747
452,51.456,116,74.379,28,437.684
453,49.312,115,74.367,27,436.625
454,46.976,113,73.784,27,435.557
455,45.024,113,73.236,27,434.5
456,42.816,113,73.132,27,433.457
457,40.736,113,72.526,27,432.363
458,38.688,113,72.351,27,431.307
459,36.544,113,70.834,27,430.219
460,34.368,113,68.287,27,429.165
461,32,113,68.287,27,428.128
462,31.772,113,67.933,24,427.069
463,31.496,109,67.596,24,426.009
464,31.172,108,67.595,24,424.959
465,30.822,108,67.592,24,423.897
466,30.515,106,67.372,24,422.847
467,30.141,106,66.583,24,421.802
468,29.705,106,66.47,24,420.78
469,29.325,106,65.652,24,419.68
470,28.938,98,65.241,18,418.641
471,28.531,98,64.973,18,417.587
472,28.074,97,64.936,18,416.518
473,27.757,96,64.934,18,415.463
474,27.413,96,64.934,18,414.416
475,27.037,96,60.556,17,413.337
476,26.656,95,59.39,17,412.277
477,26.365,94,58.526,17,411.228
478,26,94,56.794,17,410.208
479,26,94,56.076,17,409.188
480,26,94,55.815,17,408.119
481,26,94,55.763,17,407.074
482,26,94,55.675,17,405.996
483,26,94,55.372,17,404.946
484,26,94,53.666,17,403.926
485,26,93,53.641,17,402.889
486,26,93,53.267,17,401.827
487,26,93,51.755,17,400.763
488,26,93,51.505,17,399.699
489,26,93,50.975,17,398.615
490,26,93,50.975,17,397.571
491,26,93,50.951,16,396.512
492,26,92,50.857,16,395.444
493,26,89,43.221,16,394.346
494,25.536,89,43.149,16,393.285
495,24.982,89,42.883,16,392.191
496,24.501,89,42.829,16,391.147
497,23.882,89,39.508,16,390.086
498,23.381,88,39.084,16,389.029
499,22.802,88,39.038,16,387.985
500,22.337,88,36.472,16,386.924
501,21.827,87,35.186,16,385.871
502,21.365,87,34.901,16,384.827
503,20.85,87,34.655,16,383.772
504,20.396,87,34.545,16,382.755
505,19.887,87,34.389,16,381.71
506,19.414,87,32.626,16,380.662
507,18.991,87,32.369,16,379.593
508,18.515,86,32.26,16,378.561
509,18.033,85,32.208,16,377.526
510,17.396,85,32.075,16,376.426
511,17,85,32.056,16,375.36
512,16.965,85,32.012,16,374.289
513,16.923,85,32.009,16,373.258
514,16.881,85,31.936,16,372.218
515,16.838,85,31.381,16,371.184
516,16.802,85,30.928,16,370.134
517,16.76,85,30.863,15,369.097
518,16.713,85,30.837,15,368.061
519,16.673,85,30.825,15,367.007
520,16.634,85,30.786,15,365.933
521,16.585,85,30.781,15,364.828
522,16.543,85,30.654,15,363.786
523,16.507,84,30.651,15,362.74
524,16.471,84,30.113,15,361.686
525,16.423,84,30.069,15,360.648
526,16.363,82,29.333,15,359.594
527,16.31,82,29.319,15,358.536
528,16.262,73,29.318,15,357.516
529,16.221,68,28.461,15,356.47
530,16.178,68,27.815,15,355.423
531,16.136,68,27.607,15,354.356
532,16.089,68,27.585,15,353.319
533,16.047,68,27.581,15,352.301
534,16,68,27.394,15,351.245
535,15.808,68,27.391,15,350.176
536,15.638,68,27.307,15,349.103
537,15.47,68,27.288,15,348.042
538,15.285,68,27.234,15,347
539,15.095,68,27.2,15,345.954
540,14.892,68,27.2,15,344.934
541,14.678,68,27.177,15,343.901
542,14.486,68,27.116,15,342.823
543,14.339,68,25.702,15,341.75
544,14.183,40,25.6,15,340.702
545,14.007,40,25.041,15,339.615
546,13.8,40,24.999,15,338.587
547,13.62,40,24.782,15,337.537
548,13.445,40,24.736,15,336.505
549,13.291,40,24.731,15,335.446
550,13.124,40,24.731,15,334.395
551,13.024,40,23.52,14,333.393
552,12.878,40,21.925,13,332.352
553,12.764,40,21.806,13,331.314
554,12.655,40,21.692,13,330.29
555,12.545,33,21.419,13,329.224
556,12.464,33,21.418,13,328.14
557,12.352,33,21.165,13,327.098
558,12.263,33,21.014,13,326.044
559,12.206,33,20.803,13,325.009
560,12.13,32,20.707,13,323.967
561,12.077,32,20.609,13,322.936
562,12.042,32,20.576,13,321.904
563,12.018,32,20.566,13,320.856
564,12,32,20.566,13,319.793
565,12,32,20.344,13,318.742
566,12,32,20.178,13,317.71
567,12,32,20.02,13,316.655
568,12,31,19.816,13,315.625
569,12,31,19.559,13,314.604
570,12,31,19.559,13,313.555
571,12,31,19.558,13,312.505
572,12,31,19.347,13,311.466
573,12,31,19.34,12,310.428
574,12,31,19.308,12,309.406
575,12,31,17.996,12,308.351
576,12,31,17.741,12,307.286
577,12,30,17.646,11,306.249
578,12,30,17.646,11,305.183
579,12,30,17.646,11,304.117
580,12,30,17.363,11,303.077
581,12,24,17.272,11,302.034
582,12,24,17.231,11,300.972
583,12,24,17.105,11,299.904
584,12,24,17.1,11,298.874
585,12,22,17.096,11,297.811
586,12,22,17.093,11,296.77
587,12,22,17.088,11,295.734
588,12,22,17.088,11,294.693
589,12,22,17.077,11,293.631
590,12,22,16.95,11,292.584
591,12,22,16.95,11,291.512
592,12,22,16.938,11,290.475
593,12,22,16.88,11,289.422
594,12,22,16.868,11,288.343
595,12,22,16.865,11,287.291
596,12,22,16.856,11,286.207
597,12,22,16.64,11,285.113
598,12,22,16.64,11,284.062
599,12,22,16.634,11,283.051
600,12,22,16.617,11,282.003
601,12,22,16.617,11,280.928
602,12,22,16.612,11,279.895
603,12,22,16.595,11,278.842
604,12,22,16.545,11,277.764
605,12,22,16.545,11,276.705
606,12,22,16.133,11,275.676
607,12,22,16.125,11,274.578
608,12,22,16.125,11,273.532
609,12,22,16.086,11,272.492
610,12,22,16.068,11,271.43
611,12,22,16.068,11,270.379
612,12,21,16.035,11,269.346
613,12,21,16.032,11,268.316
614,12,21,15.909,11,267.267
615,12,20,15.904,11,266.206
616,12,20,15.864,11,265.073
617,12,20,15.857,11,263.994
618,12,20,15.832,11,262.92
619,11.875,20,15.808,11,261.886
620,11.705,20,15.805,11,260.786
621,11.515,20,15.633,11,259.719
622,11.34,20,15.633,11,258.635
623,11.16,20,15.614,11,257.573
624,10.95,20,15.578,11,256.517
625,10.735,20,15.578,11,255.47
626,10.525,20,15.578,11,254.35
627,10.335,20,15.494,11,253.281
628,10.105,20,15.494,11,252.218
629,9.835,20,15.494,11,251.158
630,9.71,20,15.494,11,250.113
631,9.585,20,15.334,11,249.023
632,9.385,20,15.334,11,247.974
633,9.175,20,15.127,11,246.909
634,9,20,15.024,11,245.836
635,8.815,20,15.024,11,244.798
636,8.61,20,15.024,11,243.756
637,8.425,20,15.024,11,242.706
638,8.19,20,15.023,11,241.656
639,8.02,20,15.023,11,240.56
640,7.83,20,14.818,10.965,239.539
641,7.66,20,14.603,10.908,238.45
642,7.43,20,14.555,10.874,237.412
643,7.235,15,14.504,10.836,236.351
644,7,15,14.498,10.795,235.334
645,7,15,13.686,10.764,234.289
646,7,15,13.661,10.726,233.251
647,7,15,13.555,10.698,232.215
648,7,15,13.384,10.657,231.149
649,7,15,13.362,10.628,230.029
650,7,15,12.995,10.584,228.962
651,7,15,12.03,10.546,227.92
652,7,15,11.695,10.508,226.871
653,7,15,11.681,10.481,225.83
654,7,15,11.677,10.45,224.803
655,7,15,11.243,10.415,223.765
656,7,15,11.215,10.368,222.707
657,7,15,11.081,10.336,221.675
658,7,15,11.064,10.314,220.641
659,7,15,11.063,10.284,219.546
660,7,15,11,10.255,218.468
661,7,15,9.7,10.224,217.419
662,7,15,9.682,10.185,216.363
663,7,15,9.664,10.152,215.322
664,7,15,9.664,10.116,214.257
665,7,15,9.573,10.09,213.216
666,7,15,9.5,10.058,212.195
667,7,15,9.464,10.024,211.158
668,7,15,9.444,9.987,210.176
669,7,15,9.442,9.959,209.115
670,6.963,15,9.441,9.928,208.059
671,6.911,15,9.436,9.888,207.013
672,6.86,15,9.393,9.86,205.878
673,6.8,15,9.391,9.827,204.829
674,6.753,15,9.391,9.79,203.77
675,6.684,15,9.391,9.766,202.751
676,6.614,15,9.391,9.729,201.705
677,6.545,15,9.391,9.701,200.63
678,6.456,15,9.391,9.675,199.564
679,6.364,15,9.391,9.642,198.533
680,6.286,15,9.391,9.603,197.457
681,6.216,15,9.391,9.575,196.416
682,6.131,15,9.391,9.544,195.344
683,6.081,15,9.391,9.508,194.301
684,5.998,15,9.391,9.481,193.189
685,5.916,15,9.391,9.442,192.119
686,5.849,14,9.344,9.402,191.126
687,5.806,13,9.293,9.362,190.147
688,5.714,13,9.243,9.328,189.135
689,5.628,13,9.188,9.291,188.092
690,5.566,13,9.12,9.257,187.062
691,5.493,13,9.025,9.219,186.048
692,5.428,13,8.908,9.184,184.97
693,5.353,13,8.722,9.141,183.944
694,5.286,13,8.659,9.108,182.9
695,5.22,13,8.64,9.076,181.793
696,5.148,13,8.625,9.05,180.767
697,5.082,13,8.608,9.017,179.715
698,5,13,8.597,8.988,178.707
699,4.951,13,8.593,8.95,177.685
700,4.91,13,8.578,8.917,176.678
701,4.869,13,8.516,8.874,175.641
702,4.823,13,8.49,8.841,174.587
703,4.784,13,8.481,8.809,173.536
704,4.732,13,8.481,8.778,172.503
705,4.695,13,8.247,8.744,171.461
706,4.655,13,8.246,8.698,170.399
707,4.61,13,8.036,8.66,169.326
708,4.566,13,8.027,8.623,168.225
709,4.524,13,7.872,8.59,167.153
710,4.49,13,7.662,8.55,166.054
711,4.447,13,7.317,8.515,165.028
712,4.409,13,6.87,8.484,163.977
713,4.356,13,6.805,8.446,162.955
714,4.319,13,6.793,8.42,161.894
715,4.281,13,6.789,8.382,160.909
716,4.239,13,6.755,8.354,159.86
717,4.203,13,6.726,8.32,158.813
718,4.157,13,6.713,8.282,157.791
719,4.116,13,6.689,8.234,156.755
720,4.07,13,6.583,8.2,155.718
721,4.039,13,6.562,8.168,154.677
722,4,13,6.463,8.134,153.587
723,4,13,6.425,8.108,152.509
724,4,13,6.326,8.073,151.468
725,4,13,6.193,8.038,150.385
726,4,13,5.842,8,149.312
727,4,13,5.832,7.971,148.254
728,4,13,5.812,7.935,147.252
729,4,13,5.808,7.895,146.158
730,4,13,5.706,7.863,145.129
731,4,13,5.699,7.829,144.07
732,4,13,5.564,7.789,142.941
733,4,13,5.436,7.745,141.867
734,4,13,5.42,7.707,140.774
735,4,13,5.265,7.661,139.734
736,4,13,4.935,7.622,138.697
737,4,13,4.854,7.592,137.666
738,4,13,4.722,7.559,136.621
739,4,13,4.575,7.523,135.642
740,4,13,4.551,7.483,134.633
741,4,13,4.528,7.456,133.622
742,4,13,4.501,7.422,132.586
743,4,13,4.501,7.395,131.558
744,4,13,4.501,7.364,130.538
745,4,13,4.5,7.317,129.478
746,4,13,4.499,7.283,128.458
747,4,13,4.495,7.248,127.446
748,4,13,4.433,7.216,126.442
749,4,13,4.433,7.178,125.471
750,4,13,4.297,7.134,124.502
751,4,13,4,7.096,123.42
752,4,13,4,7.061,122.356
753,4,13,4,7.011,121.301
754,4,13,4,6.964,120.303
755,4,13,4,6.928,119.254
756,4,13,4,6.893,118.202
757,4,13,3.996,6.853,117.17
758,4,13,3.996,6.809,116.13
759,4,13,3.996,6.772,115.084
760,4,13,3.996,6.735,114.011
761,4,13,3.996,6.696,112.96
762,4,13,3.996,6.659,111.899
763,4,13,3.988,6.626,110.913
764,4,13,3.988,6.59,109.845
765,4,13,3.988,6.548,108.848
766,4,13,3.983,6.498,107.83
767,4,13,3.966,6.467,106.798
768,4,13,3.9,6.434,105.811
769,4,13,3.83,6.399,104.819
770,4,13,3.83,6.364,103.817
771,4,13,3.821,6.323,102.791
772,4,13,3.811,6.295,101.791
773,4,13,3.8,6.26,100.746
774,4,13,3.784,6.225,99.732
775,4,13,3.764,6.194,98.772
776,4,13,3.753,6.157,97.735
777,4,13,3.747,6.123,96.754
778,4,13,3.742,6.093,95.745
779,4,13,3.71,6.063,94.677
780,4,13,3.708,6.03,93.633
781,4,13,3.663,5.998,92.682
782,4,13,3.654,5.96,91.662
783,4,13,3.645,5.918,90.676
784,4,13,3.634,5.873,89.65
785,4,13,3.631,5.834,88.66
786,3.889,13,3.625,5.794,87.6
787,3.775,13,3.624,5.755,86.669
788,3.665,13,3.623,5.717,85.61
789,3.565,13,3.617,5.685,84.6
790,3.478,13,3.615,5.649,83.689
791,3.411,13,3.615,5.597,82.691
792,3.35,13,3.615,5.569,81.644
793,3.292,13,3.611,5.531,80.599
794,3.247,13,3.611,5.496,79.635
795,3.21,13,3.611,5.458,78.71
796,3.162,13,3.611,5.42,77.722
797,3.129,13,3.557,5.37,76.747
798,3.106,13,3.514,5.332,75.796
799,3.087,13,3.476,5.289,74.822
800,3.061,13,3.442,5.259,73.857
801,3.051,13,3.399,5.211,72.808
802,3.041,13,3.389,5.172,71.791
803,3.031,13,3.354,5.14,70.774
804,3.023,13,3.297,5.102,69.788
805,3.013,13,3.258,5.058,68.797
806,3.006,13,3.208,5.023,67.823
807,3.005,13,3.188,4.977,66.778
808,3.002,13,3.187,4.93,65.73
809,3.001,13,3.119,4.9,64.743
810,3,13,3.042,4.861,63.786
811,3,13,3.034,4.833,62.863
812,3,13,3.027,4.797,61.922
813,3,13,3.016,4.759,60.975
814,3,13,3.013,4.708,60.002
815,3,13,3.013,4.675,59.061
816,3,13,3.009,4.637,58.152
817,3,13,3.002,4.605,57.181
818,3,13,3,4.575,56.282
819,3,13,3,4.546,55.347
820,3,13,3,4.516,54.445
821,3,13,3,4.481,53.473
822,3,13,3,4.442,52.451
823,3,13,3,4.398,51.453
824,3,13,3,4.369,50.507
825,3,13,3,4.338,49.556
826,3,13,3,4.304,48.669
827,3,13,3,4.275,47.79
828,3,13,3,4.229,46.827
829,3,13,3,4.182,45.938
830,3,13,3,4.128,45.049
831,3,13,3,4.098,44.145
832,3,13,3,4.062,43.171
833,3,13,3,4.026,42.272
834,3,13,3,3.981,41.209
835,3,13,3,3.95,40.31
836,3,13,3,3.91,39.319
837,3,13,3,3.872,38.452
838,3,13,3,3.829,37.516
839,3,13,3,3.8,36.676
840,3,13,3,3.752,35.892
841,3,13,3,3.712,35.139
842,3,13,3,3.672,34.271
843,3,13,3,3.633,33.346
844,2.992,13,2.987,3.603,32.585
845,2.979,13,2.952,3.561,31.668
846,2.954,13,2.925,3.524,30.77
847,2.926,13,2.92,3.492,29.935
848,2.905,13,2.887,3.449,29.203
849,2.88,13,2.778,3.401,28.384
850,2.856,13,2.775,3.36,27.554
851,2.826,13,2.768,3.312,26.73
852,2.786,13,2.761,3.268,25.863
853,2.749,13,2.751,3.226,25.142
854,2.712,13,2.741,3.19,24.365
855,2.682,13,2.735,3.147,23.53
856,2.649,13,2.729,3.111,22.844
857,2.613,13,2.716,3.075,22.137
858,2.577,13,2.696,3.026,21.304
859,2.537,13,2.679,2.985,20.598
860,2.503,13,2.678,2.945,19.886
861,2.469,13,2.678,2.901,19.14
862,2.431,13,2.616,2.865,18.489
863,2.401,13,2.471,2.827,17.832
864,2.359,13,2.448,2.788,17.167
865,2.312,13,2.436,2.745,16.463
866,2.278,13,2.418,2.702,15.829
867,2.239,13,2.384,2.674,15.166
868,2.215,13,2.335,2.642,14.566
869,2.175,13,2.265,2.605,13.931
870,2.144,13,2.223,2.573,13.273
871,2.115,13,2.07,2.526,12.688
872,2.073,13,2.042,2.506,12.105
873,2.046,13,2.025,2.465,11.538
874,2.027,13,2.013,2.418,11
875,2,13,2,2.374,10.476
876,1.885,13,1.9,2.332,9.916
877,1.793,13,1.829,2.285,9.38
878,1.689,13,1.745,2.239,8.865
879,1.604,13,1.688,2.201,8.34
880,1.514,13,1.612,2.163,7.85
881,1.446,13,1.575,2.109,7.432
882,1.357,13,1.518,2.065,7.038
883,1.283,13,1.51,2.021,6.543
884,1.227,13,1.51,1.97,6.178
885,1.177,13,1.411,1.919,5.759
886,1.142,13,1.339,1.871,5.375
887,1.1,13,1.323,1.825,5.026
888,1.064,13,1.323,1.771,4.698
889,1.032,13,1.17,1.714,4.369
890,1.015,12,1.024,1.661,4.024
891,1.003,11,1.008,1.606,3.747
892,1,10,1,1.57,3.429
893,1,10,1,1.509,3.166
894,1,10,1,1.457,2.896
895,1,10,1,1.404,2.679
896,1,10,1,1.345,2.468
897,1,10,1,1.294,2.233
898,1,9,1,1.237,2.023
899,1,8,1,1.198,1.858
900,1,7,1,1.163,1.65
901,1,6,1,1.12,1.475
902,1,5,1,1.079,1.333
903,1,4,1,1.051,1.216
904,1,3,1,1.027,1.114
905,1,2,1,1.009,1.03
906,1,1,1,1,1
